훈련기관명,주소요약,훈련과정명
(주)모두의연구소,서울 강남구,인공지능 혁신학교 AIFFEL(아이펠) : 코어 과정
(주)모두의연구소,서울 강남구,[스마트훈련]데이터 사이언티스트 실무과정
(주)엘리스그룹,서울 강남구,엘리스 AI 웹 풀스택 트랙 
(주)엘리스그룹,서울 강남구,엘리스 클라우드(자바/스프링) 기반 백엔드 엔지니어 트랙
ANC승무원평생교육원,서울 강남구,여행사OP 예약발권 상품상담실무 취업과정
대한무인항공교육원,서울 강남구,초경량비행장치 무인멀티콥터 드론 국가자격증 1종 과정 [전문교육기관]
대한무인항공교육원,서울 강남구,초경량 비행장치 무인멀티콥터 드론 국가 자격증 1종 [전문교육기관]
더조은컴퓨터아카데미,서울 강남구,"《ChatGPT》를 활용한 웹퍼블리셔(웹디자인)HTML5,CSS3"
더조은컴퓨터아카데미,서울 강남구,IOS 앱 제작 SWIFT프로그래밍 실무
더조은컴퓨터아카데미,서울 강남구,《ChatGPT》를 활용한 자바 윈도우프로그램 만들기 
더조은컴퓨터아카데미,서울 강남구,[실내건축]스케치업(Sketchup) 활용 인테리어 실무
더조은컴퓨터아카데미,서울 강남구,"[컴활1급]컴퓨터활용능력1급자격취득(실기)[엑셀,엑세스]"
더조은컴퓨터아카데미,서울 강남구,사무직 필수 엑셀 입문(실무엑셀)B
더조은컴퓨터아카데미,서울 강남구,《BIM》건축설계 레빗(Revit) 입문 활용
더조은컴퓨터아카데미,서울 강남구,쉽게 배우는 오토캐드(AutoCAD) 실무
더조은컴퓨터아카데미,서울 강남구,자바(JAVA) 웹개발(백앤드)&앱개발자(클라우드활용) 취업캠프
더조은컴퓨터아카데미,서울 강남구,"빅데이터 기반 AI(인공지능)서비스(추천,트레이딩) 개발자 취업캠프"
더조은컴퓨터아카데미,서울 강남구,"[단기완성] 숏폼&영상편집디자인(유튜브,인스타,틱톡)"
더조은컴퓨터아카데미,서울 강남구,"C,C++프로그래밍"
더조은컴퓨터아카데미,서울 강남구,[AI개발을위한 첫걸음] GPT&Python(파이썬) 기초 프로그래밍 입문
더조은컴퓨터아카데미,서울 강남구,빅데이터 분석&추천시스템 개발자 양성과정
더조은컴퓨터아카데미,서울 강남구,파이썬(Python) 이해와 빅데이터분석 실무
더조은컴퓨터아카데미,서울 강남구,GTQ(포토샵)자격취득 입문
더조은컴퓨터아카데미,서울 강남구,"프론트엔드(React, React Native) 웹개발&앱개발자 취업캠프"
더조은컴퓨터아카데미,서울 강남구,의료용 디지털 영상 표준(DICOM)활용 의료A.I 연동 개발 실무 프로젝트
더조은컴퓨터아카데미,서울 강남구,의료영상 AI API연동 프로젝트 기반 자바(java)풀스택 개발자 과정
더조은컴퓨터아카데미,서울 강남구,사무직 필수 엑셀 입문(실무엑셀)A
더조은컴퓨터아카데미,서울 강남구,GTQ(일러스트)자격취득 입문
더조은컴퓨터아카데미,서울 강남구,IOS 앱 제작 SWIFT프로그래밍 입문
더조은컴퓨터아카데미,서울 강남구,라이노 활용 3D모델링&3D프린팅(제품제작)A
더조은컴퓨터아카데미,서울 강남구,"(BIM)디지털 건축설계(CAD,3ds Max,Revit,SketchUp) 실무자 양성 B"
더조은컴퓨터아카데미,서울 강남구,"(과정평가형 자격)3D프린트활용 제품디자인산업기사 자격증 취득과정(캐드(CAD),맥스(MAX),라이노) A"
더조은컴퓨터아카데미,서울 강남구,"3D프린터를 활용한 제품디자인(캐드,맥스,라이노) B"
더조은컴퓨터아카데미,서울 강남구,[정보보안] 모의해킹/침해대응 전문가 취업캠프
더조은컴퓨터아카데미,서울 강남구,《초보 가능》 3D 블렌더(blender) 활용한 아바타 제작(메타버스)
더조은컴퓨터아카데미,서울 강남구,"3DMAX(맥스) 실무(모델링,렌더링)"
더조은컴퓨터아카데미,서울 강남구,라이노 활용 3D모델링&3D프린팅(제품제작)B
더조은컴퓨터아카데미,서울 강남구,2D그래픽(일러스트&포토샵)실무 완성
더조은컴퓨터아카데미,서울 강남구,플러터(Flutter)를 활용한 앱개발 입문(안드로이드&IOS)
더조은컴퓨터아카데미,서울 강남구,구글 플러터(Flutter)를 활용한 안드로이드&iOS 앱 개발 입문
더조은컴퓨터아카데미,서울 강남구,웹중급 자바스크립트(Javascript)&제이쿼리(jQuery)
더조은컴퓨터아카데미,서울 강남구,R 프로그래밍 활용 빅데이터 분석
더조은컴퓨터아카데미,서울 강남구,ADsP(빅데이터분석 준전문가) 자격대비
더조은컴퓨터아카데미,서울 강남구,"(BIM)디지털 건축설계(CAD,3ds Max,Revit,SketchUp) 실무자 양성 A"
더존평생교육원,서울 강남구,iCUBE 활용 재무회계 실무(16H)
더존평생교육원,서울 강남구,세무관리 통찰력 배양을 위한 법인세 신고실무(16H)
라로즈스쿨학원,서울 강남구,웨딩&파티스타일링반
라로즈스쿨학원,서울 강남구,플랜테리어(분화상품)
라로즈스쿨학원,서울 강남구,"플로리스트 기초과정(꽃꽂이, 가드닝)"
라로즈스쿨학원,서울 강남구,플로리스트 기초과정(절화)
라로즈스쿨학원,서울 강남구,화훼장식기능사 이론&실기
리네아아카데미학원,서울 강남구,손뜨개 강사 교수법 과정
리네아아카데미학원,서울 강남구,대바늘 의류 연구과정
리더스법률인사총무학원,서울 강남구,인사노무사무원 직무능력향상과정
리더스법률인사총무학원,서울 강남구,민법실무
멀티캠퍼스,서울 강남구,멀티잇 금융&마케팅 데이터 분석(Python)
멀티캠퍼스,서울 강남구,멀티잇 데이터 분석&서비스개발(Python)
멀티캠퍼스,서울 강남구,멀티잇 채용연계 풀스택 개발(Java)
메가스터디아이티아카데미학원,서울 강남구,"(과정평가형 자격) 클라우드를 활용한 정보보안(서버,네트워크) 실무 정보보안산업기사 취득과정 B"
메이지유 뷰티직업전문학교,서울 강남구,네일현장실무&드릴
메이지유 뷰티직업전문학교,서울 강남구,피부미용자격증 속성(실기)
메이지유 뷰티직업전문학교,서울 강남구,피부미용자격증 취득과정
메이지유 뷰티직업전문학교,서울 강남구,속눈썹연장 현장실무(연장&펌)
메이지유 뷰티직업전문학교,서울 강남구,미용사(메이크업) 취득과정
메이지유 뷰티직업전문학교,서울 강남구,메이크업자격증 취득과정
메이지유 뷰티직업전문학교,서울 강남구,네일미용자격증 취득과정
메이지유 뷰티직업전문학교,서울 강남구,속눈썹연장 현장실무(연장&펌)
메이지유 뷰티직업전문학교,서울 강남구,제모왁싱 현장실무(얼굴및전신)
메이지유 뷰티직업전문학교,서울 강남구,미용사(피부) 취득과정
메이지유 뷰티직업전문학교,서울 강남구,"메이크업 실무(웨딩,데일리,면접메이크업)"
문릿꽃꽂이학원,서울 강남구,플로리스트 기초 베이직반
문릿꽃꽂이학원,서울 강남구,화훼장식기능사 실기특강반
문릿꽃꽂이학원,서울 강남구,웨딩파티 플로리스트 양성과정
문릿꽃꽂이학원,서울 강남구,트렌디 꽃다발 & 센터피스 &바스켓 마스터 과정
문릿꽃꽂이학원,서울 강남구,플로리스트 취업 창업실무반
문릿꽃꽂이학원,서울 강남구,플라워 컬러믹스 클래스
문릿꽃꽂이학원,서울 강남구,프리저브드&실크플라워 가공화 전문가
문릿꽃꽂이학원,서울 강남구,프렌치 플라워디자인 (가든 스타일)
비트캠프 강남학원,서울 강남구,(디지털컨버전스) AWS 클라우드 기반 프레임워크 융합 개발자 양성 과정 A
서울사진영상IT학원,서울 강남구,"인물,제품,쇼핑몰사진촬영,리터칭고급과정"
서울사진영상IT학원,서울 강남구,"주말 인물, 제품, 쇼핑몰사진촬영 및 리터칭고급과정"
서울사진영상IT학원,서울 강남구,"영상촬영,영상기획및영상편집(프리미어)과정"
서울사진영상IT학원,서울 강남구,"광고,유튜브영상제작,영상촬영,영상편집(프리미어,에펙)과정"
서울사진영상IT학원,서울 강남구,"광고사진촬영, 인물사진촬영, 쇼핑몰사진촬영 및 사진기능사 취득과정"
서울사진영상IT학원,서울 강남구,"인물사진, 제품사진촬영 ,쇼핑몰사진촬영 및 사진기능사자격증취득과정"
서울종합예술실용학교,서울 강남구,패션의복제작 과정
서울종합예술실용학교,서울 강남구,무대음향3급 자격증 실기
솔데스크강남학원,서울 강남구,블록체인 네트워크 보안을 적용한 AI 서비스 기반 풀스택 개발자
솔데스크강남학원,서울 강남구,IaC 기반 AWS 마이크로 서비스 클라우드 환경 구축
수인뷰티아카데미학원,서울 강남구,여성 커트 펌 응용과정
수인뷰티아카데미학원,서울 강남구,남성커트실무
수인뷰티아카데미학원,서울 강남구,가발 디자이너 과정
수인뷰티아카데미학원,서울 강남구,여성커트실무
KH영상아카데미,서울 강남구,"영상 디자이너를 위한 프리미어 프로, 애프터 이펙트"
KH영상아카데미,서울 강남구,"실무 중심으로 배우는 영상 디자인 전문가 과정(프리미어 프로, 애프터 이펙트)"
KH정보교육원 강남지원,서울 강남구,(디지털컨버전스)공공데이터 융합 자바개발자 양성과정A30(9)
KH정보교육원 강남지원,서울 강남구,(디지털컨버전스)공공데이터 융합 자바개발자 양성과정A30(8)
KH정보교육원 강남지원,서울 강남구,(디지털컨버전스)공공데이터 융합 자바개발자 양성과정A30(11)
KH정보교육원 강남지원,서울 강남구,(디지털컨버전스)공공데이터 융합 자바개발자 양성과정A30(10)
강남 그린컴퓨터아카데미,서울 강남구,"전산회계1급,전산세무2급 자격증 취득 - 자체시험장운영"
강남 그린컴퓨터아카데미,서울 강남구,전산세무1급 이렇게 쉬웠어? (핵심요약+실무자격증대비)
강남 그린컴퓨터아카데미,서울 강남구,"『강남』 전산회계1급, 세무2급, FAT1급, TAT2급자격증 취득 - 자체시험장운영"
강남 그린컴퓨터아카데미,서울 강남구,"디지털 크리에이터 영상편집 (포토샵,일러스트,프리미어,에펙) 실무 양성"
강남 그린컴퓨터아카데미,서울 강남구,"(BIM) 디지털 건축설계(캐드,레빗,스케치업,맥스)_인테리어디자인 실무 양성과정 C"
강남 그린컴퓨터아카데미,서울 강남구,"[과정평가형] 실내건축산업기사 취득 과정 (인테리어,캐드(CAD),맥스(MAX))A(24)"
강남 그린컴퓨터아카데미,서울 강남구,10일의 기적! 영상편집 뚝딱 배우기(프리미어+에펙)
강남 그린컴퓨터아카데미,서울 강남구,"영상편집 이렇게 쉬웠어? (프이미어,에펙+실전 기술)"
강남 그린컴퓨터아카데미,서울 강남구,컴퓨터활용능력1급 이렇게 쉬웠어? (핵심요약+엑셀 자격증대비)
강남 그린컴퓨터아카데미,서울 강남구,『JAVA』자바 프로그래밍 기초부터 실무테크닉
강남 그린컴퓨터아카데미,서울 강남구,전산회계1급 자격증 취득 이렇게 쉬웠어?
강남 그린컴퓨터아카데미,서울 강남구,(디지털디자인)UIUX 반응형 웹디자인 & 웹퍼블리셔(디자인&코딩) 양성 D
강남 그린컴퓨터아카데미,서울 강남구,『제품디자인』라이노를 활용한 3D제품모델링
강남 그린컴퓨터아카데미,서울 강남구,『주말반』실내디자인 스케치업(SketchUp) 실무 활용
강남 그린컴퓨터아카데미,서울 강남구,『주말반』건축설계 빔(BIM)-레빗(Revit) 기초부터 실무테크닉 향상과정
강남 그린컴퓨터아카데미,서울 강남구,영상편집제작 시네마4D(Cinema 4D)
강남 그린컴퓨터아카데미,서울 강남구,UI/UX 디자이너라면 피그마는 기본입니다
강남 그린컴퓨터아카데미,서울 강남구,포토샵&일러스트 한번에 끝내기(입문과정)
강남 그린컴퓨터아카데미,서울 강남구,36시간만에 끝내는 UiUX 디자인 피그마 배우기
강남 그린컴퓨터아카데미,서울 강남구,『주말반』포토샵 & GTQ2급 대비 과정
강남 그린컴퓨터아카데미,서울 강남구,처음배워보는 포토샵&일러스트 기초활용
강남 그린컴퓨터아카데미,서울 강남구,"『실속형』초보자를 위한 영상편집(프리미어,애프터이펙트)"
강남 그린컴퓨터아카데미,서울 강남구,전산회계1급 + 전산세무2급 이렇게 쉬웠어? (핵심요약+실무자격증대비)
강남 그린컴퓨터아카데미,서울 강남구,실내건축설계를 위한 스케치업(SketchUp/V-ray)
강남 그린컴퓨터아카데미,서울 강남구,『메타버스_제페토』블렌더(blender)를 활용한 3D그래픽 제작
강남 그린컴퓨터아카데미,서울 강남구,진짜 쉽게 가르쳐주는 포토샵&일러스트 기초
강남 그린컴퓨터아카데미,서울 강남구,"『취업』영상편집(프리미어,에프터이펙트)모션그래픽 실무과정"
강남 그린컴퓨터아카데미,서울 강남구,"실무에 활용 가능한 영상편집(프리미어, 에프터이펙트)"
강남 그린컴퓨터아카데미,서울 강남구,SNS 마케팅을 위한 포토샵 디자인
강남 그린컴퓨터아카데미,서울 강남구,"웹퍼블리셔-2 (자바스크립트,제이쿼리) 실무 과정"
강남 그린컴퓨터아카데미,서울 강남구,『초단기완성』스케치업(SketchUp)기초활용
강남 그린컴퓨터아카데미,서울 강남구,『실업자도 가능한』컴활1급 이렇게 쉬웠어? (핵심요약+자격증대비)
강남 그린컴퓨터아카데미,서울 강남구,프로그래밍 입문자를 위한 자바(JAVA)
강남 그린컴퓨터아카데미,서울 강남구,『오전반』시각디자인(포토샵+일러스트+gtq자격증)취득과정
강남 그린컴퓨터아카데미,서울 강남구,(디지털디자인)UIUX 반응형 웹디자인 & 웹퍼블리셔(디자인&코딩) 양성 09
강남 그린컴퓨터아카데미,서울 강남구,"[과정평가형] 실내건축기사 취득 과정 (인테리어,캐드(CAD),맥스(MAX))B(24)"
강남 그린컴퓨터아카데미,서울 강남구,[컴활1급]컴퓨터활용능력1급 OA 엑셀+자격증 취득과정[저녁반]
강남 그린컴퓨터아카데미,서울 강남구,인기강사님에게 배우는 포토샵(GTQ 자격증)
강남 그린컴퓨터아카데미,서울 강남구,"『강남』 전산회계1급,전산세무2급, AT 자격증 취득 - 자체시험장운영"
강남 그린컴퓨터아카데미,서울 강남구,39시간만에 끝내는 영상편집(프리미어&에프터이팩트)
강남 그린컴퓨터아카데미,서울 강남구,『공식시험센터』전산세무1급 자격증 취득과정(더존SmartA 실무)
강남 그린컴퓨터아카데미,서울 강남구,『자바스크립트』웹퍼블리셔(JavaScript-jQuery)
강남 그린컴퓨터아카데미,서울 강남구,프로페셔널 스케치업 (전문가 과정)
강남 그린컴퓨터아카데미,서울 강남구,"웹퍼블리셔(자바스크립트,제이쿼리)마스터 과정-2"
강남 그린컴퓨터아카데미,서울 강남구,39시간만에 끝내는 일러스트 (기초&GTQI자격증)
강남 그린컴퓨터아카데미,서울 강남구,오토캐드(AutoCAD)향상과정-실내건축설계
강남 그린컴퓨터아카데미,서울 강남구,"영상편집 전문가 부트캠프 (포토샵,일러스트,프리미어,에프터이펙트)"
강남 그린컴퓨터아카데미,서울 강남구,색채전문가 컬러리스트(기사/산업기사)취득 과정
강남 그린컴퓨터아카데미,서울 강남구,전산세무1급 자격증 취득 이렇게 쉬웠어?_선착순 20명!
강남 그린컴퓨터아카데미,서울 강남구,39시간만에 끝내는 포토샵 (기초&GTQ자격증)
강남 그린컴퓨터아카데미,서울 강남구,전산세무1급 자격증 취득 실무과정 - 자체시험장운영
강남 그린컴퓨터아카데미,서울 강남구,39시간만에 끝내는 3D 블렌더(blender)
강남 그린컴퓨터아카데미,서울 강남구,"프로젝트기반 프론트엔드(React,Vue) 웹&앱 SW개발자 양성과정"
강남 그린컴퓨터아카데미,서울 강남구,『메타버스』 블렌더 3D캐릭터 크리에이터
강남 그린컴퓨터아카데미,서울 강남구,"실내건축설계 취업과정[캐드(CAD), 스케치업, 맥스MAX] "
강남 그린컴퓨터아카데미,서울 강남구,『초보자가능』라인 카카오 이모티콘 제작(일러스트+포토샵)
강남 그린컴퓨터아카데미,서울 강남구,(산대특)_인공지능 데이터분석 및 예측을 활용한 웹서비스 개발과정_양성_지원
강남 그린컴퓨터아카데미,서울 강남구,"『1급 완벽 대비반』컴퓨터활용능력1급 (컴활) 실기취득(엑셀,엑세스)"
강남 그린컴퓨터아카데미,서울 강남구,"[과정평가형] 실내건축기능사 취득과정 (인테리어,캐드(CAD),스케치업)B(24)"
강남 그린컴퓨터아카데미,서울 강남구,(디지털디자인)UIUX 반응형 웹디자인 & 웹퍼블리셔(디자인&코딩) 양성 C
강남 그린컴퓨터아카데미,서울 강남구,(디지털디자인)UIUX 반응형 웹디자인 & 웹퍼블리셔(디자인&코딩) 양성 10
강남 그린컴퓨터아카데미,서울 강남구,"[과정평가형] 실내건축산업기사 취득 과정 (인테리어,캐드(CAD),맥스(MAX))B(24)"
강남 그린컴퓨터아카데미,서울 강남구,"실내건축설계입문[캐드(CAD), 스케치업(Sketchup)] "
강남 그린컴퓨터아카데미,서울 강남구,"[단 10일!!]오후에 하는 유튜브 영상편집(프리미어,에프터이펙트)"
강남 그린컴퓨터아카데미,서울 강남구,시각(편집)디자인 이렇게 쉬웠어? (포토샵+일러스트+GTQ자격)
강남 그린컴퓨터아카데미,서울 강남구,『이모티콘제작』움짤 캐릭터 만들어보기(포토샵+일러스트)
강남 그린컴퓨터아카데미,서울 강남구,"(BIM) 디지털 건축설계(캐드,레빗,스케치업,맥스)_인테리어디자인 실무 양성과정 01"
강남 그린컴퓨터아카데미,서울 강남구,"(BIM) 디지털 건축설계(캐드,레빗,스케치업,맥스)_인테리어디자인 실무 양성과정 03"
강남 그린컴퓨터아카데미,서울 강남구,『주말반』 처음 시작하는 Cinema 4D (시네마4D)
강남 그린컴퓨터아카데미,서울 강남구,『초단기완성』캐드(AutoCAD)입문과정 
강남 그린컴퓨터아카데미,서울 강남구,『주말반』 포토샵&일러스트레이터 기초부터 실무 활용
강남 그린컴퓨터아카데미,서울 강남구,"『주말 속성』유튜브(Youtube)콘텐츠를 위한 영상편집(프리미어, 에프터이펙트) "
강남 그린컴퓨터아카데미,서울 강남구,『초단기완성』 포토샵&일러스트레이터 기초 다지기
강남 그린컴퓨터아카데미,서울 강남구,『토요반』AUTO CAD[오토캐드] 도면설계 기초+활용과정
강남 그린컴퓨터아카데미,서울 강남구,UI/UX 디자이너의 필수! 실무 피그마(Figma) 배우기
강남 그린컴퓨터아카데미,서울 강남구,『주말반』첫 코딩 with 파이썬
강남 그린컴퓨터아카데미,서울 강남구,건축설계를 위한 빔(BIM)-레빗(Revit) 기초부터 실무테크닉
강남 그린컴퓨터아카데미,서울 강남구,그래픽디자인(일러스트&포토샵)향상과정
강남 그린컴퓨터아카데미,서울 강남구,"『웹퍼블리싱의 시작』(웹표준, HTML, CSS) 반응형 웹디자인 퍼블리셔"
강남 그린컴퓨터아카데미,서울 강남구,『주말반』 6일완성! 유튜브 영상편집(프리미어+애프터 이펙트)
강남 그린컴퓨터아카데미,서울 강남구,컴활2급 이렇게 쉬웠어? (핵심요약+엑셀 자격증대비)
강남 그린컴퓨터아카데미,서울 강남구,컴퓨터활용능력2급 이렇게 쉬웠어? (핵심요약+엑셀 자격증대비)
강남 그린컴퓨터아카데미,서울 강남구,『그래픽디자인』초보자도 쉽고 재밌게 배우는 일러스트
강남 그린컴퓨터아카데미,서울 강남구,"웹퍼블리셔의 시작! (웹표준, HTML, CSS, HTML5, CSS3) 반응형 웹디자인"
강남 그린컴퓨터아카데미,서울 강남구,『디자인 실무』 스킬 업을 위한 포토샵
강남 그린컴퓨터아카데미,서울 강남구,누구나 쉽게 배우는 일러스트 편집디자인(39H)
강남 그린컴퓨터아카데미,서울 강남구,"웹퍼블리셔(자바스크립트,제이쿼리)마스터 과정-1"
강남 그린컴퓨터아카데미,서울 강남구,"영상 편집 [포토샵,일러스트.프리미어,에프터이펙트] 실무 양성 과정 "
강남 그린컴퓨터아카데미,서울 강남구,"(BIM) 디지털 건축설계(캐드,레빗,스케치업,맥스)_인테리어디자인 실무 양성과정 A"
강남 그린컴퓨터아카데미,서울 강남구,너도 가능하다❗ 그래픽 마스터❗ (포토샵GTQ+일러스트GTQI)
강남 그린컴퓨터아카데미,서울 강남구,"프로젝트기반 자바(스프링,백엔드)&파이썬(OCR) 풀스택 웹 개발자 양성과정"
강남 그린컴퓨터아카데미,서울 강남구,증강현실(AR) SW개발자(자바(GUI) & 코틀린) 앱 개발자 양성과정 
강남 그린컴퓨터아카데미,서울 강남구,"영상콘텐츠제작(포토샵,프리미어,애프터이펙트)편집디자인과정"
강남 그린컴퓨터아카데미,서울 강남구,[그래픽디자인]일러스트레이터 활용 실무테크닉
강남 그린컴퓨터아카데미,서울 강남구,『자격증NO』 빠른 습득을 위한 엑셀(OA) 실무과정
강남 그린컴퓨터아카데미,서울 강남구,컴퓨터활용능력1급 (필기/실기) 초단기 취득대비 반!
강남 그린컴퓨터아카데미,서울 강남구,"『한번에 취득』재경관리사(재무회계,원가관리회계,세무회계)자격증 대비과정"
강남 그린컴퓨터아카데미,서울 강남구,[디자이너 필수 자격증] 컬러리스트(산업)기사 실기 과정
강남 그린컴퓨터아카데미,서울 강남구,[과정평가형]UI/UX 디자인 반응형 웹 양성과정 (웹디자인기능사) A
강남 그린컴퓨터아카데미,서울 강남구,"[과정평가형] 실내건축기능사 취득과정 (인테리어,캐드(CAD),스케치업)A(24)"
강남 그린컴퓨터아카데미,서울 강남구,(디지털디자인)UIUX 반응형 웹디자인 & 웹퍼블리셔(디자인&코딩) 양성 08
강남 그린컴퓨터아카데미,서울 강남구,『One-Stop』 트렌디한 실내건축설계를 위한 캐드+스케치업
강남 그린컴퓨터아카데미,서울 강남구,"『핵심 콕콕』영상제작편집디자인 (프리미어, 에프터이펙트)"
강남 그린컴퓨터아카데미,서울 강남구,누구나 쉽게 배우는 포토샵 편집디자인(39H)
강남 그린컴퓨터아카데미,서울 강남구,『한달코스』전산응용건축제도기능사(실기) 이렇게 쉬웠어? (캐드실무+자격증)
강남 그린컴퓨터아카데미,서울 강남구,『초단기완성』 유튜브(Youtube)영상편집 입문과정
강남 그린컴퓨터아카데미,서울 강남구,『스프링(spring)』자바(JAVA) 활용 모던 웹 개발과정_[290H]
강남 그린컴퓨터아카데미,서울 강남구,(디지털디자인)UIUX 반응형 웹디자인 & 웹퍼블리셔(디자인&코딩) 양성 06
강남 그린컴퓨터아카데미,서울 강남구,자바로 시작하는 프로그래밍 입문
강남 그린컴퓨터아카데미,서울 강남구,"『GTQ 자격취득』포토샵(디지털콘텐츠제작, 이미지편집)"
강남 그린컴퓨터아카데미,서울 강남구,"『일석이조』ERP정보관리사(회계2급,인사2급) 자격증 취득과정"
강남 그린컴퓨터아카데미,서울 강남구,실내건축설계 캐드(CAD) 도면  향상과정
강남 그린컴퓨터아카데미,서울 강남구,파이썬으로 시작하는 기초코딩
강남 그린컴퓨터아카데미,서울 강남구,실내건축자격증 실기 (산업)기사 이렇게 쉬웠어?_B
강남 그린컴퓨터아카데미,서울 강남구,『주말반』 첫 코딩 with JAVA 맛보기
강남 그린컴퓨터아카데미,서울 강남구,"(BIM) 디지털 건축설계(캐드,레빗,스케치업,맥스)_인테리어디자인 실무 양성과정 B"
강남 그린컴퓨터아카데미,서울 강남구,"웹퍼블리셔-1 (HTML, CSS, 웹표준, HTML5, CSS3) 실무 과정"
강남 그린컴퓨터아카데미,서울 강남구,『GTQ 자격취득』초보자도 쉽고 재밌게 배우는 포토샵 
강남 그린컴퓨터아카데미,서울 강남구,"『영상편집 & 유튜브』초보자를 위한 프리미어, 에프터펙트 동영상 편집과정 "
강남 그린컴퓨터아카데미,서울 강남구,"(BIM) 디지털 건축설계(캐드,레빗,스케치업,맥스)_인테리어디자인 실무 양성과정 04"
강남 그린컴퓨터아카데미,서울 강남구,『주말반』 캐드 (AUTOCAD) 평면도 설계도면 기초다지기
강남 그린컴퓨터아카데미,서울 강남구,"웹퍼블리셔 프론트개발(웹표준, HTML5, CSS) 기초부터 실무활용"
강남 그린컴퓨터아카데미,서울 강남구,실내건축설계를 위한 스케치업(SketchUp/V-ray)
강남 그린컴퓨터아카데미,서울 강남구,"『주말반』 웹퍼블리셔의 시작! (웹표준, HTML, CSS, HTML5, CSS3) 반응형 웹디자인"
강남 그린컴퓨터아카데미,서울 강남구,실내건축자격증 실기 (산업)기사 이렇게 쉬웠어?_A
강남 그린컴퓨터아카데미,서울 강남구, 처음배우는 포토샵+일러스트 기초활용(60H)
강남 그린컴퓨터아카데미,서울 강남구,[컴활2급]컴퓨터활용능력2급 OA엑셀+자격증 취득과정[저녁반]
강남 그린컴퓨터아카데미,서울 강남구,『컴활』컴퓨터활용능력 2급 자격증실기과정(엑셀활용)
강남 그린컴퓨터아카데미,서울 강남구,Javascript/jQuery_36시간
강남 그린컴퓨터아카데미,서울 강남구,실내건축 [오토캐드-AUTO CAD] 도면설계 기초
강남 그린컴퓨터아카데미,서울 강남구,"웹퍼블리셔(웹표준, HTML5, CSS3, 반응형웹디자인) 코딩 실무 활용과정"
강남 그린컴퓨터아카데미,서울 강남구,(디지털디자인)UIUX 반응형 웹디자인 & 웹퍼블리셔(디자인&코딩) 양성 E
강남 그린컴퓨터아카데미,서울 강남구,HTML5 & CSS3 웹표준_36시간
강남 그린컴퓨터아카데미,서울 강남구,『그래픽디자인』포토샵(GTQ취득)기초부터 실무테크닉
강남 그린컴퓨터아카데미,서울 강남구,(디지털디자인)UIUX 반응형 웹디자인 & 웹퍼블리셔(디자인&코딩) 양성 B
강남 그린컴퓨터아카데미,서울 강남구,"『실무활용 100%』ERP정보관리사(회계2급,인사2급) 자격증 취득과정"
강남 그린컴퓨터아카데미,서울 강남구,[디자이너 필수 자격증] 컬러리스트(산업)기사 실기 과정
강남 그린컴퓨터아카데미,서울 강남구,『실내건축설계』스케치업(V-Ray) 기초부터 실무활용
강남 그린컴퓨터아카데미,서울 강남구,"[영상제작편집(포토샵,프리미어,에펙)] 모션그래픽 실무활용"
강남 그린컴퓨터아카데미,서울 강남구,『일석이조』전산세무2급 실무 교육과 자격증 취득과정
강남 그린컴퓨터아카데미,서울 강남구,처음하는 자바(JAVA) 입문
강남 그린컴퓨터아카데미,서울 강남구,전산응용건축제도기능사 이렇게 쉬웠어? (캐드+실기기출)
강남 그린컴퓨터아카데미,서울 강남구,『일석이조』전산세무1급 실무 교육과 자격증 취득과정
강남 그린컴퓨터아카데미,서울 강남구,『일석이조』전산회계1급 실무 교육과 자격증 취득과정
강남 그린컴퓨터아카데미,서울 강남구,"『취업&실무』에 필요한 컴퓨터활용능력1급 (컴활) 실기취득(엑셀,엑세스)"
강남 그린컴퓨터아카데미,서울 강남구,『컴활1급』컴퓨터활용능력1급 실기 자격증 취득 과정
강남 그린컴퓨터아카데미,서울 강남구,『나도할수있다』영상(유튜브)편집 쉽게 배우기
강남 그린컴퓨터아카데미,서울 강남구,[과정평가형]UI/UX 디자인 반응형 웹 양성과정 (웹디자인기능사) B
강남 그린컴퓨터아카데미,서울 강남구,"영상콘텐츠제작(포토샵,프리미어,애프터이펙트)실무 양성과정"
강남 그린컴퓨터아카데미,서울 강남구,『V-Ray』실내건축설계 스케치업(SketchUp) 향상과정
강남 그린컴퓨터아카데미,서울 강남구,[컴활2급]컴활2급 자격증 취득과정(엑셀)
강남 그린컴퓨터아카데미,서울 강남구,"『09:00~14:00』경리실무 및 전산회계1급,전산세무2급, AT 자격증 취득"
강남 그린컴퓨터아카데미,서울 강남구,컴퓨터활용능력2급 실기 취득(엑셀 활용)																					
강남 그린컴퓨터아카데미,서울 강남구,네이버 스마트스토어 시작하기
강남 그린컴퓨터아카데미,서울 강남구,"(BIM) 디지털 건축설계(캐드,레빗,스케치업,맥스)_인테리어디자인 실무 양성과정 02"
강남 그린컴퓨터아카데미,서울 강남구,『공식시험센터』전산세무2급 자격증 취득과정(더존SmartA 실무)
강남 그린컴퓨터아카데미,서울 강남구,"『메타버스_제페토』블렌더를 화용한 3D그래픽제작(캐릭터,가구,의류)"
강남 그린컴퓨터아카데미,서울 강남구,편집(시각)디자인(포토샵+일러스트+인디자인)실무+GTQ 자격증 취득
강남 그린컴퓨터아카데미,서울 강남구,(디지털디자인)UIUX 반응형 웹디자인 & 웹퍼블리셔(디자인&코딩) 양성 A
강남 그린컴퓨터아카데미,서울 강남구,"웹디자인&퍼블리셔를 위한 HTML, CSS 기초코딩 "
강남 그린컴퓨터아카데미,서울 강남구,『공식시험센터』전산회계1급 자격증 취득과정(더존SmartA 실무)
강남 그린컴퓨터아카데미,서울 강남구,"좋아요, 댓글, 구독, 알람설정을 위한 영상편집 (프리미어&에펙)"
강남 그린컴퓨터아카데미,서울 강남구,"『그래픽디자인』일러스트(디지털콘텐츠제작, 이미지편집)"
강남 그린컴퓨터아카데미,서울 강남구,"가장 기초부터 [전산회계1급, 전산세무2급, AT] 자격증 취득과 함께"
강남 그린컴퓨터아카데미,서울 강남구,라이노(Rhino) 3D 모델링
강남 그린컴퓨터아카데미,서울 강남구,『초보자가능』포토샵&일러스트 기초부터 실무테크닉
강남 그린컴퓨터아카데미,서울 강남구,[10일 오전 단기] 취업을 위한 엑셀 실무강의(컴활2급)
강남동방디자인학원,서울 강남구,실내건축(산업)기사 자격증 실기 (고급)
강남동방디자인학원,서울 강남구,실내건축(산업)기사 자격증 실기 작업형
강남동방디자인학원,서울 강남구,실내건축(산업)기사 자격증 실기 (초급)
강남메트로간호종합학원,서울 강남구,간호조무사자격증 취득과정
강남케어요양보호사교육원,서울 강남구,요양보호사자격증취득과정
강남케어요양보호사교육원,서울 강남구,요양보호사자격증취득과정(사회복지사 자격 소지자반)
그린아이티아카데미학원,서울 강남구,피그마(Figma) UIUX 모바일 앱 디자인
그린아이티아카데미학원,서울 강남구,기업의 수요를 반영한 자바 및 스프링 프레임워크 기반 풀스택 개발자 과정
그린아이티아카데미학원,서울 강남구,"[과정평가형] 공간정보융합산업기사 (GIS, 캐드(CAD),스케치업)B(24)"
그린아이티아카데미학원,서울 강남구,시각(편집)디자인(포토샵+일러스트+인디자인)실무+GTQ 자격증 취득과정
그린아이티아카데미학원,서울 강남구,"[과정평가형] 공간정보융합산업기사 (GIS, 캐드(CAD),스케치업)A(24)"
그린아이티아카데미학원,서울 강남구,"기초부터 차근차근 (회계1급, 세무2급, AT) 자격증 취득과정"
그린아이티아카데미학원,서울 강남구,컴퓨터활용능력 2급 (필기&실기) 자격증 취득과정
그린아이티아카데미학원,서울 강남구,기업수요을 반영한 공공데이터 및 스프링프레임워크를 활용한 자바개발자
그린아이티아카데미학원,서울 강남구,SQL 개발자(SQLD) 자격 취득과정(SQL+SQL최적화+모델링)
(재)건설기술교육원 서울강남분원,서울 강남구,건축BIM 전문인력양성과정(Revit/200H)
(재)건설기술교육원 서울강남분원,서울 강남구,토목BIM 전문인력양성과정(300H)
(재)건설기술교육원 서울강남분원,서울 강남구,토목BIM 전문인력양성과정(200H)
(재)건설기술교육원 서울강남분원,서울 강남구,건축BIM 전문인력양성과정(Revit/300H)
한성아이디디자인스쿨학원,서울 강남구,실내건축(산업)기사 실기 야간
한성아이디디자인스쿨학원,서울 강남구,실내공간디자인
조셉플라워스쿨학원,서울 강남구,플로리스트입문반
웹타임컴퓨터학원,서울 강남구,Windows Server Active Directory 핵심
역삼 그린컴퓨터아카데미,서울 강남구,단기간 유튜브 영상제작편집 (프리미어&에프터이펙트)
역삼 그린컴퓨터아카데미,서울 강남구,프로그래밍 개발자의 시작 [자바(JAVA) 프로그래밍]
역삼 그린컴퓨터아카데미,서울 강남구,"빅데이터 분석을 위한 실속, 파이썬 첫걸음_36H"
역삼 그린컴퓨터아카데미,서울 강남구,광고콘텐츠디자인(포토샵+일러스트+GTQ자격증)과정
역삼 그린컴퓨터아카데미,서울 강남구,영상편집 입문자를 위한 모션그래픽 실무 강의(프리미어&에프터이펙트)
역삼 그린컴퓨터아카데미,서울 강남구,최신트렌드 블렌더(Blender) 3D모델링 & 애니메이션
역삼 그린컴퓨터아카데미,서울 강남구,(디지털디자인) UI/UX 반응형 웹디자인 & 웹퍼블리셔(디자인&코딩) 양성 7
역삼 그린컴퓨터아카데미,서울 강남구,3D모션그래픽 시네마4D 첫걸음_39H
역삼 그린컴퓨터아카데미,서울 강남구,[포토샵] 기초부터 배워서 출판편집디자인 활용하기
역삼 그린컴퓨터아카데미,서울 강남구,실속 100% 영상편집(프리미어&에프터이펙트) 첫걸음_39H
역삼 그린컴퓨터아카데미,서울 강남구,포토샵 기초부터 배워서 SNS 마케팅 디자인 무작정 따라하기
역삼 그린컴퓨터아카데미,서울 강남구,디지털 영상편집 기초활용-프리미어(컷편집/자막/음향/효과)
역삼 그린컴퓨터아카데미,서울 강남구,[주말반] 포토샵&일러스트 기초부터 활용까지_48H
역삼 그린컴퓨터아카데미,서울 강남구,[디자이너 필수코스] 포토샵+일러스트 기초입문과정
역삼 그린컴퓨터아카데미,서울 강남구,디자인 입문자를 위한 일러스트레이션 핵심코스
역삼 그린컴퓨터아카데미,서울 강남구,[일러스트] 기초부터 배워서 출판편집디자인 활용하기
역삼 그린컴퓨터아카데미,서울 강남구,[비전공/초보자] 전산회계1급+전산세무2급+TAT2급(더존) 취득과정
역삼 그린컴퓨터아카데미,서울 강남구,네이버 스마트스토어 페이지 디자인 제작(포토+일러)
역삼 그린컴퓨터아카데미,서울 강남구,실속 100% 컴퓨터활용능력 1급 첫걸음_39H
역삼 그린컴퓨터아카데미,서울 강남구,[단체접수가능] 기초부터 전산회계1급(이론+실기)자격증과정
역삼 그린컴퓨터아카데미,서울 강남구,"[출판] 디지털 출판편집디자인(일러스트,포토샵,인디자인)A"
역삼 그린컴퓨터아카데미,서울 강남구,누구나 쉽게 배우는 [일러스트] 편집디자인(39H)
역삼 그린컴퓨터아카데미,서울 강남구,에펙(애프터이펙트) 유튜브 영상편집
역삼 그린컴퓨터아카데미,서울 강남구,핵심콕콕 오토캐드(Auto CAD)_실내건축설계 시작의 기초
역삼 그린컴퓨터아카데미,서울 강남구,[단체접수가능] 전산세무 1급(법인세)
역삼 그린컴퓨터아카데미,서울 강남구,누구나 쉽게 배우는 [포토샵] 편집디자인(39H)
역삼 그린컴퓨터아카데미,서울 강남구,[주말반] 오토캐드 - 실내건축설계 시작의 기초
역삼 그린컴퓨터아카데미,서울 강남구,"빅데이터를 위한 기초 파이썬(python)과 데이터분석(시각화, 판다스)_39H"
역삼 그린컴퓨터아카데미,서울 강남구,디자인 입문자를 위한 포토샵(GTQ) 핵심코스
역삼 그린컴퓨터아카데미,서울 강남구,[파이썬][비전공/초보자]Python을 활용한 프로그래밍 입문활용
역삼 그린컴퓨터아카데미,서울 강남구,재응시는 없다! 세무1급(법인세) 끝내기
역삼 그린컴퓨터아카데미,서울 강남구,인기강사님에게 배우는 39H 영상편집
역삼 그린컴퓨터아카데미,서울 강남구,"지금이 기회! 재경관리사(재무회계,원가관리회계,세무회계)자격증 취득과정"
역삼 그린컴퓨터아카데미,서울 강남구,[스타트업]현장실무 클라우드를 활용한 자바 스프링프레임워크 개발자과정
역삼 그린컴퓨터아카데미,서울 강남구,"[영상제작] 유튜브 영상편집 기초활용(프리미어,에프터이펙트)"
역삼 그린컴퓨터아카데미,서울 강남구,"실내건축설계 디자인 캐드(Auto CAD), 스케치업 인테리어 디자이너 양성과정A"
역삼 그린컴퓨터아카데미,서울 강남구,실속 100% 스케치업 첫걸음_39H
역삼 그린컴퓨터아카데미,서울 강남구,비전공자를 위한 전산회계1급 자격증(이론+실기)
역삼 그린컴퓨터아카데미,서울 강남구, 파이썬을 알아야 일의 능률이 올라갑니다._39H
역삼 그린컴퓨터아카데미,서울 강남구,[자체시험센터] 기초부터 전산세무2급(이론+실기)자격증과정
역삼 그린컴퓨터아카데미,서울 강남구,"지금이 기회! 재경관리사(재무회계,원가관리회계,세무회계)자격증 취득과정"
역삼 그린컴퓨터아카데미,서울 강남구,실내건축(산업)기사 자격증 실기
역삼 그린컴퓨터아카데미,서울 강남구,"[4주완성] 컴퓨터활용능력 2급자격증(엑셀활용,필기,실기) 완벽대비B"
역삼 그린컴퓨터아카데미,서울 강남구,진짜 쉽게 가르쳐줄게! 자바스크립트(Javascript)+제이쿼리(Jquery)
역삼 그린컴퓨터아카데미,서울 강남구,나 혼자 그린 컴퓨터활용능력 1급 수강하여 무한성장_39H
역삼 그린컴퓨터아카데미,서울 강남구,"광고콘텐츠제작(영상편집 프리미어,애프터이펙트,유튜브)양성과정A"
역삼 그린컴퓨터아카데미,서울 강남구,국비지원으로 배우는 전산세무 1급_60H
역삼 그린컴퓨터아카데미,서울 강남구,[자바] 4차산업 JAVA IT소프트웨어 웹개발자
역삼 그린컴퓨터아카데미,서울 강남구,"[영상제작] 디지털 영상편집 기초활용(프리미어,에프터이펙트)"
역삼 그린컴퓨터아카데미,서울 강남구,실속 100% 전산세무 2급 첫걸음_60H
역삼 그린컴퓨터아카데미,서울 강남구,"[과정평가형] 실내건축산업기사 취득 과정 (인테리어,캐드(CAD),맥스(MAX))B(24)"
역삼 그린컴퓨터아카데미,서울 강남구,(디지털디자인) UI/UX 반응형 웹디자인 & 웹퍼블리셔(디자인&코딩) 양성 1
역삼 그린컴퓨터아카데미,서울 강남구,핵심콕콕 오토캐드(Auto CAD)_인테리어 시작의 기초
역삼 그린컴퓨터아카데미,서울 강남구,39시간만에 끝내는 포토샵 (기초/GTQ자격증)
역삼 그린컴퓨터아카데미,서울 강남구,"디지털 영상편집 제대로 배우기! (프리미어,애프터이펙트,유튜브)"
역삼 그린컴퓨터아카데미,서울 강남구,"[출판] 디지털 출판편집디자인(일러스트,포토샵,인디자인)B"
역삼 그린컴퓨터아카데미,서울 강남구,"내가 코딩했다! 자랑해보기 [HTML,CSS]_36H"
역삼 그린컴퓨터아카데미,서울 강남구,(디지털디자인) UI/UX 반응형 웹디자인 & 웹퍼블리셔(디자인&코딩) 양성 4
역삼 그린컴퓨터아카데미,서울 강남구,"트렌디한 영상콘텐츠 제작하기(유튜브,브이로그/자막)(프리미어/에펙)"
역삼 그린컴퓨터아카데미,서울 강남구,비전공자를 위한 실전 영상편집_프리미어
역삼 그린컴퓨터아카데미,서울 강남구,[입문자] 처음 배우는 영상편집제작 시네마4D(Cinema 4D)
역삼 그린컴퓨터아카데미,서울 강남구," 스마트 스토어 디자인(포토샵,일러스트)"
역삼 그린컴퓨터아카데미,서울 강남구,[어도비XD] 웹퍼블리셔&웹디자인 UI/UX 템플릿 디자인
역삼 그린컴퓨터아카데미,서울 강남구,[주말반] 처음배우는 포토샵&일러스트 기초활용
역삼 그린컴퓨터아카데미,서울 강남구,로고를 활용한 디자인실무 일러스트+포토샵 (명함/배너/스티커/포스터)
역삼 그린컴퓨터아카데미,서울 강남구,"[전산회계1급, 전산세무2급, ERP정보관리사] 한번에 자격증뽀개기"
역삼 그린컴퓨터아카데미,서울 강남구,39시간만에 끝내는 오토캐드(도면설계) 기초활용
역삼 그린컴퓨터아카데미,서울 강남구,더 늦기전에 준비하기! 컴퓨터활용능력1급 (필기&실기) 자격증 대비과정
역삼 그린컴퓨터아카데미,서울 강남구,실속 100% 전산회계 1급 첫걸음_60H
역삼 그린컴퓨터아카데미,서울 강남구,[자체시험센터] 기초부터 전산회계1급(이론+실기)자격증과정
역삼 그린컴퓨터아카데미,서울 강남구,말그대로 모스마스터(MOS master)_슬기로운 직장생활
역삼 그린컴퓨터아카데미,서울 강남구,"전산회계1급, 전산세무2급, FAT1급, TAT2급 자격증 취득과정"
역삼 그린컴퓨터아카데미,서울 강남구,"유튜브편집부터 취-업까지! 디지털 광고영상편집(프리미어,애프터이펙트)"
역삼 그린컴퓨터아카데미,서울 강남구,포토샵-SNS 마케팅 디자인[페이스북/인스타그램/블로그]
역삼 그린컴퓨터아카데미,서울 강남구,국비지원으로 배우는 전산회계 1급_60H
역삼 그린컴퓨터아카데미,서울 강남구,"[기업프로젝트] 프론트엔드(React, PHP), 플러터(Flutter)활용 웹&앱개발 양성과정"
역삼 그린컴퓨터아카데미,서울 강남구,단기속성! 일러스트(기초부터 빠르게 배우기)
역삼 그린컴퓨터아카데미,서울 강남구,"[과정평가형] 실내건축산업기사 취득 과정 (인테리어,캐드(CAD),맥스(MAX))A(24)"
역삼 그린컴퓨터아카데미,서울 강남구,"[과정평가형] 실내건축기능사 취득과정 (인테리어,캐드(CAD),스케치업)A(24)"
역삼 그린컴퓨터아카데미,서울 강남구,[일러스트] 기초부터 자격증까지 디자인실무 뽀개기(GTQi)
역삼 그린컴퓨터아카데미,서울 강남구,[상시시험대비] 컴퓨터활용능력 2급(엑셀) 필기/실기 완벽대비
역삼 그린컴퓨터아카데미,서울 강남구,[포토샵] 으로 디자인실무기초 배우고 자격증까지 취득하기 (GTQ)
역삼 그린컴퓨터아카데미,서울 강남구,대표적인 실내건축 3D모델링_스케치업(V-Ray)_39H
역삼 그린컴퓨터아카데미,서울 강남구,실속 100% 컴퓨터활용능력 2급 첫걸음_36H
역삼 그린컴퓨터아카데미,서울 강남구,(디지털디자인) UI/UX 반응형 웹디자인 & 웹퍼블리셔(디자인&코딩) 양성 2
역삼 그린컴퓨터아카데미,서울 강남구,유튜브 영상편집 고수가 되는 애프터이펙트(에펙)
역삼 그린컴퓨터아카데미,서울 강남구,취업의 첫 걸음! 엑셀 빠르게 마스터하기! [컴퓨터활용능력 2급실기]
역삼 그린컴퓨터아카데미,서울 강남구,39시간만에 끝내는 스케치업&V-ray 기초활용
역삼 그린컴퓨터아카데미,서울 강남구,[자체시험센터] 전산회계1급+전산세무2급(이론/실무) 자격증취득과정
역삼 그린컴퓨터아카데미,서울 강남구,"실내건축설계 디자인 캐드(Auto CAD), 스케치업 인테리어 디자이너 양성과정B"
역삼 그린컴퓨터아카데미,서울 강남구,일러스트 배워서 나만의 굿즈 디자인 하기[웹명함/스티커/청첩장/카드뉴스]
역삼 그린컴퓨터아카데미,서울 강남구,자바(JAVA) 프로그래밍 언어 - 코딩의 시작
역삼 그린컴퓨터아카데미,서울 강남구,실속 100% 포토샵 첫걸음_36H
역삼 그린컴퓨터아카데미,서울 강남구,국비지원으로 배우는 컴퓨터활용능력 1급_39H
역삼 그린컴퓨터아카데미,서울 강남구,웹퍼블리셔 코딩마스터 자바스크립트(Javascript)+제이쿼리(Jquery)
역삼 그린컴퓨터아카데미,서울 강남구,(디지털디자인) UI/UX 반응형 웹디자인 & 웹퍼블리셔(디자인&코딩) 양성 3
역삼 그린컴퓨터아카데미,서울 강남구,당신한텐 어렵지 않아요. 전산세무1급 자격증 취득과정
역삼 그린컴퓨터아카데미,서울 강남구,[웹코딩] UIUX반응형 웹디자인 & 웹퍼블리셔
역삼 그린컴퓨터아카데미,서울 강남구,실속 100% 일러스트레이터 첫걸음_39H
역삼 그린컴퓨터아카데미,서울 강남구,[컴활2급] OA실무+컴퓨터활용능력(필기+실기) 자격증 취득과정
역삼 그린컴퓨터아카데미,서울 강남구,"전산세무회계 자격증 취득과정(전산회계1급, 전산세무2급)"
역삼 그린컴퓨터아카데미,서울 강남구,"[4주완성] 컴퓨터활용능력 2급자격증(엑셀활용,필기,실기) 완벽대비A"
역삼 그린컴퓨터아카데미,서울 강남구,[건축설계] 전산응용건축제도 기능사 실기
역삼 그린컴퓨터아카데미,서울 강남구,[오전반/4주완성] 컴퓨터활용능력 2급(엑셀) 필기/실기 완벽대비
역삼 그린컴퓨터아카데미,서울 강남구,국비지원으로 배우는 전산세무 2급_60H
역삼 그린컴퓨터아카데미,서울 강남구,"비전공자를 위한 출판편집디자인(포토샵,일러스트,인디자인) 양성과정"
역삼 그린컴퓨터아카데미,서울 강남구,[파이썬] 4차산업 Python IT소프트웨어 개발자 과정
역삼 그린컴퓨터아카데미,서울 강남구,[웹코딩] UIUX반응형 디자인 & 웹퍼블리셔 
역삼 그린컴퓨터아카데미,서울 강남구,[포토샵&일러스트] 기초부터 배워서 출판편집디자인 활용하기
역삼 그린컴퓨터아카데미,서울 강남구,진짜 쉽게 가르쳐줄게 피그마 과정_36H
역삼 그린컴퓨터아카데미,서울 강남구,[주말반] 실내건축(산업)기사 자격증 실기
역삼 그린컴퓨터아카데미,서울 강남구,[주말반] 실속 100% 스케치업 첫걸음_36H
역삼 그린컴퓨터아카데미,서울 강남구,국비지원으로 배우는 컴퓨터활용능력 2급_36H
역삼 그린컴퓨터아카데미,서울 강남구,국비지원으로 배우는 영상편집(프리미어&에프터이펙트)_39H
역삼 그린컴퓨터아카데미,서울 강남구,[비전공/초보자]전산회계1급+전산세무2급(이론/실무)자격증 취득과정
역삼 그린컴퓨터아카데미,서울 강남구,[경리업무실무] 전산회계1급+전산세무2급+TAT2급(더존) 취득과정
역삼 그린컴퓨터아카데미,서울 강남구, 전산세무2급(이론+실기+기출문제) 완벽대비
역삼 그린컴퓨터아카데미,서울 강남구,(디지털디자인) UI/UX 반응형 웹디자인 & 웹퍼블리셔(디자인&코딩) 양성 6
역삼 그린컴퓨터아카데미,서울 강남구,"시각편집디자인(포토샵+일러스트+인디자인,GTQ자격증) 과정"
역삼 그린컴퓨터아카데미,서울 강남구,웹퍼블리셔 웹코딩 중급(자바스크립트Javascript+Jquery)
역삼 그린컴퓨터아카데미,서울 강남구,"시각디자인 (포토샵,일러스트) 입문과 동시 GTQ자격증 취득까지!"
역삼 그린컴퓨터아카데미,서울 강남구,단기속성! 포토샵(기초부터 빠르게 배우기)
역삼 그린컴퓨터아카데미,서울 강남구,[오전반/초보자] 전산회계1급+전산세무2급(이론/실무) 자격증취득과정
역삼 그린컴퓨터아카데미,서울 강남구,나 혼자 그린 전산회계 1급 수강하여 무한성장_60H
역삼 그린컴퓨터아카데미,서울 강남구,"광고콘텐츠제작(영상편집 프리미어,애프터이펙트,유튜브)양성과정B"
역삼 그린컴퓨터아카데미,서울 강남구,"진짜 쉽게 가르쳐줄게! ERP정보관리사(회계2급,인사2급) 자격증 취득과정"
에스앤에스로펌인사노무학원,서울 강남구,법률인사노무사무원(전자소송 컴퓨터실습 및 자격증취득) 종합반 취업과정
에스앤에스로펌인사노무학원,서울 강남구,인사노무사무원 자격증 취득과정(HR실무과정)
에스앤에스로펌인사노무학원,서울 강남구,로펌법률사무원(전자소송 컴퓨터실습 및 자격증취득) 취업과정
에이콘아카데미(강남),서울 강남구,IoT기반의 웹앱개발자 양성과정
에이콘아카데미(강남),서울 강남구,콘텐츠 융합을 위한 자바(JAVA)기반  Full Stack 개발자 양성과정
에티버스러닝평생교육원,서울 강남구,리얼타임 엔진을 활용한 실감형 콘텐츠 개발자 양성 과정
씨에프오아카데미평생교육원,서울 강남구,지분법회계와 연결재무제표 작성실무
씨에프오아카데미평생교육원,서울 강남구,사내근로복지기금 운영 및 회계실무
씨에프오아카데미평생교육원,서울 강남구,내부회계관리제도 구축 및 운영실무
씨에프오아카데미평생교육원,서울 강남구,원천징수이행상황신고서 작성실무
씨에프오아카데미평생교육원,서울 강남구,신규사업계획수립과 사업타당성 평가실무
씨에프오아카데미평생교육원,서울 강남구,연봉제의 설계 및 운영사례실무
씨에프오아카데미평생교육원,서울 강남구,그림과 수식으로 이해하는 근로시간 및 연차휴가 관리 마스터
씨에프오아카데미평생교육원,서울 강남구,현금흐름표 작성과 분석실무
씨에프오아카데미평생교육원,서울 강남구,비거주자 및 외국법인의 원천징수실무
씨에프오아카데미평생교육원,서울 강남구,계정과목별 회계 및 결산과 세무해설
씨에프오아카데미평생교육원,서울 강남구,산업환경 변화에 따른 효율적 인력관리와 법적대응방안
씨에프오아카데미평생교육원,서울 강남구,지방세실무
씨에프오아카데미평생교육원,서울 강남구,주석작성실무
씨에프오아카데미평생교육원,서울 강남구,4대보험 종합실무
씨에프오아카데미평생교육원,서울 강남구,재무제표 분석과 관리회계 입문과정
씨에프오아카데미평생교육원,서울 강남구,국제조세실무
씨에프오아카데미평생교육원,서울 강남구,퇴직급여제도의 운영과 실무해설
아라평생교육원,서울 강남구,"호텔PMS 전문가양성과정(호텔리어, PMS전산운용사 자격증취득과정)"
아라평생교육원,서울 강남구,국제 회의 및 전시 이벤트 행사 기획자 (MICE 컨벤션기획사2급 자격취득과정)
아라평생교육원,서울 강남구,관광통역안내사/국외여행인솔자 자격증 동시취득과정
아라평생교육원,서울 강남구,"(혼합훈련)호텔리어 취업훈련(PMS,객실관리,프론트)"
아라평생교육원,서울 강남구,(혼합훈련)여행사 창업 및 취업 CRS자격증 취득(여행사 오퍼레이터 양성)과정
아이엠바리스타 커피학원,서울 강남구,커피로스팅(로스트마스터+홈카페)자격취득과정
아이엠바리스타 커피학원,서울 강남구,초급바리스타자격취득과정(SCA국제자격증+바리스타2급자격취득)
아이엠바리스타 커피학원,서울 강남구,바리스타2급자격취득과정
아이엠바리스타 커피학원,서울 강남구,중급바리스타자격취득과정(SCA국제자격증+바리스타1급자격취득+라떼아트)
아이엠바리스타 커피학원,서울 강남구,바리스타1급자격취득과정
아이티윌,서울 강남구,프로젝트 기반 자바 핀테크 웹 개발자 양성과정
아이티윌,서울 강남구,프로젝트 중심 빅데이터 융합 머신러닝 전문가 양성과정
아이티윌,서울 강남구,빅데이터를 활용한 오라클 데이터 전문가 양성과정
아이티윌,서울 강남구,클라우드 가상화 기반 자바(JAVA) 개발자 양성과정
아텐츠게임아카데미,서울 강남구,게임 콘텐츠 기획자 양성과정
아텐츠게임아카데미,서울 강남구,게임 콘텐츠 개발자 양성과정
안단테꽃예술직업학교,서울 강남구,화훼장식기능사 국가기술자격취득과정 (실기대비반)
안단테꽃예술직업학교,서울 강남구,화훼장식기능사 국가기술자격취득과정 (실기대비반)
안단테꽃예술직업학교,서울 강남구,화훼장식기능사 실기대비반 (구조물꽃다발+동양형)
안단테꽃예술직업학교,서울 강남구,플로리스트 양성과정 (기초입문)
안단테꽃예술직업학교,서울 강남구,핸드타이드 집중과정 (꽃다발 포장)
안단테꽃예술직업학교,서울 강남구,플로리스트 기초입문
안단테꽃예술직업학교,서울 강남구,핸드타이드 집중과정 (꽃다발 포장)
안단테꽃예술직업학교,서울 강남구,플로리스트 기초입문 과정
안단테꽃예술직업학교,서울 강남구,화훼장식기능사 국가자격증 대비반 (필기+실기)
안단테꽃예술직업학교,서울 강남구,식물 가드닝 상품디자인 과정 (홈 플렌테리어)
안단테꽃예술직업학교,서울 강남구,화훼장식기능사 국가자격증 대비반 (필기+실기)
안단테꽃예술직업학교,서울 강남구,핸드타이드 집중과정 (꽃다발 포장)
안단테꽃예술직업학교,서울 강남구,꽃바구니 집중과정 (플라워 바스켓 디자인)
안단테꽃예술직업학교,서울 강남구,웨딩부케 제작 과정
안단테꽃예술직업학교,서울 강남구,플라워 샵 마스터 과정 (플로리스트 중급)
안단테꽃예술직업학교,서울 강남구,플로리스트 기초입문
안단테꽃예술직업학교,서울 강남구,화훼장식기사 국가자격증 (필기+실기+도면)
안단테꽃예술직업학교,서울 강남구,플라워 샵 마스터 과정 (플로리스트 중급)
안단테꽃예술직업학교,서울 강남구,웨딩 플라워 스타일링 (공간연출)
수인뷰티아카데미학원,서울 강남구,미용사 헤어 자격증 실기
시사쿡요리아카데미학원,서울 강남구,한식조리기능사 자격증 취득과정(실기)
시사쿡요리아카데미학원,서울 강남구,제과디저트 카페실무
시사쿡요리아카데미학원,서울 강남구,제과제빵기능사 자격증 취득과정(이론+실기)
시사쿡요리아카데미학원,서울 강남구,SCA 국제바리스타 자격증 취득과정(바리스타 스킬 파운/인터)
시사쿡요리아카데미학원,서울 강남구,커피바리스타 2급 자격증 취득과정(이론+실기)
시사쿡요리아카데미학원,서울 강남구,제빵기능사 자격증 취득과정(실기)
시사쿡요리아카데미학원,서울 강남구,제과기능사 자격증 취득과정(실기)
시사쿡요리아카데미학원,서울 강남구,한식조리기능사 자격증 취득과정(이론+실기2회)
시사쿡요리아카데미학원,서울 강남구,양식조리기능사 자격증 취득과정(실기)
시사쿡요리아카데미학원,서울 강남구,제과제빵기능사 자격증 취득(이론+실기) 및 케익데코레이션
쌍용교육센터,서울 강남구,(디지털컨버전스)AWS 클라우드와 Kafka를 활용한 Java(자바) Full-Stack 개발자 양성과정(A)
쌍용교육센터,서울 강남구,(디지털컨버전스)AWS 클라우드와 Kafka를 활용한 Java(자바) Full-Stack 개발자 양성과정(E)
쌍용교육센터,서울 강남구,(디지털컨버전스)AWS 클라우드와 Kafka를 활용한 Java(자바) Full-Stack 개발자 양성과정(G)
쌍용교육센터,서울 강남구,(디지털컨버전스)AWS 클라우드와 Kafka를 활용한 Java(자바) Full-Stack 개발자 양성과정(D)
한국종합교육원,서울 강남구,법률행정사무원 취업과정 (LMS)																																
한국종합교육원,서울 강남구,CS(서비스)강사 양성과정 (LMS)																																
한국종합교육원,서울 강남구,CS(서비스)교육 전문강사 능력향상과정
한국종합교육원,서울 강남구,서비스(CS)강사 실전능력심화과정
한국종합교육원,서울 강남구,병원코디네이터&상담실장 실무능력향상과정 (LMS)
한국종합교육원,서울 강남구,CS(서비스)강사 컨설턴트 양성과정 (LMS)
한국종합교육원,서울 강남구,법률행정사무관리 실무능력향상과정 (LMS)																																
한국표준협회,서울 강남구,현장관리자 역량 강화
한국표준협회,서울 강남구,업무가 100배 빨라지는 엑셀&파워포인트 활용
한국표준협회,서울 강남구,AI/빅데이터를 활용한 사이버보안 위협 탐지기술 개발자 양성과정
한국표준협회 울산지역본부,서울 강남구,영업 지원 부서의 영업 관리 실무
한국표준협회 캠퍼스 강남,서울 강남구,총무 업무 종합
한국표준협회경남지역본부,서울 강남구,설득력 있는 문서 작성 노하우
한국정보보호교육학원,서울 강남구,연습도 실전처럼! 침해사고 분석 및 대응
한국정보보호교육학원,서울 강남구,실무에 바로 쓰는 웹 모의해킹 with 미션드리븐
한국정보보호교육학원,서울 강남구,다양한 유형의 악성코드 분석 실무
한국정보보호교육학원,서울 강남구,안전한 스마트 환경을 위한 준비! IoT 보안 Starter Kit
한국정보보호교육학원,서울 강남구,정보시스템 취약점 진단 입문자를 위한 핵심 가이드
한국정보보호교육학원,서울 강남구,공격해보고! 방어해보고! 시큐어 코딩 마스터
팀스파르타주식회사,서울 강남구,실무형 iOS 앱 개발자 양성과정
팀스파르타주식회사,서울 강남구,[스타트업][스마트훈련]실무형 UX/UI 디자이너 양성과정
팀스파르타주식회사,서울 강남구,실무형 Android 앱개발자 양성과정
패스트캠퍼스강남학원,서울 강남구,데이터 분석 부트캠프
패스트캠퍼스강남학원,서울 강남구,패스트캠퍼스 UXUI 디자인 부트캠프
패스트캠퍼스강남학원,서울 강남구,프로덕트 매니저(PM) 부트캠프
팩트디자인자동차아카데미학원,서울 강남구,"자동차랩핑, PPF시공 기술양성과정"
케이아이씨캠퍼스학원,서울 강남구,[AWS클라우드 기반] 자바&스프링 활용 풀스택 개발자 양성과정
케이지에듀원아이티뱅크강남학원,서울 강남구,공공데이터 기반 AI 챗봇 및 추천 모델 구현 분석 과정
케이지에듀원아이티뱅크강남학원,서울 강남구,(과정평가형)응용SW 개발자를 위한 정보처리산업기사 취득 과정 A
코리아IT아카데미,서울 강남구,AI기반 챗봇 및 OCR 개발 전문가 과정
코리아IT아카데미,서울 강남구,(디지털컨버전스)임베디드 소프트웨어 융합 풀스택 개발자 양성 과정A
코리아IT아카데미,서울 강남구,(디지털컨버전스)임베디드 소프트웨어 융합 풀스택 개발자 양성 과정B
코리아IT아카데미,서울 강남구,(디지털컨버전스)공공데이터를 융합한 자바기반 Spring 웹개발자 양성 과정A
코리아IT아카데미,서울 강남구,(디지털컨버전스)임베디드 소프트웨어 융합 풀스택 개발자 양성 과정C
코스모가죽학원,서울 강남구,가죽공예 제품제작 구직자양성
코스모가죽학원,서울 강남구,가죽공예 제품제작 Ver.1(초급)
킴스애견미용학원,서울 강남구,반려견스타일리스트3급자격증(애견미용)
중앙정보기술인재개발원,서울 강남구,데이터융합 자바(JAVA) 응용 SW개발자 취업과정
중앙정보기술인재개발원,서울 강남구,데이터융합 JAVA 응용 SW개발자 기업 채용연계 연수과정
중앙정보기술인재개발원,서울 강남구,클라우드 데브옵스 프론트엔드&백엔드 자바(JAVA) 풀스택 개발자 취업캠프
청시지아카데미학원,서울 강남구,3D캐릭터애니메이션 마야 양성과정
청시지아카데미학원,서울 강남구,3D마야 VFX 이펙트 전문과정
케어링강남요양보호사교육원,서울 강남구,요양보호사자격증취득과정
혜인즈블라썸플로리스트화훼학원,서울 강남구,"플로리스트기초 양성과정A(꽃다발,꽃바구니,꽃꽂이상품,센터피스)"
혜인즈블라썸플로리스트화훼학원,서울 강남구,국가기술자격증 화훼장식기능사 양성과정B(특강반)
혜인즈블라썸플로리스트화훼학원,서울 강남구,국가기술자격증 화훼장식기능사 향상과정A(실기)
혜인즈블라썸플로리스트화훼학원,서울 강남구,"꽃바구니,센터피스 입문 향상과정B"
혜인즈블라썸플로리스트화훼학원,서울 강남구,핸드타이드 입문 향상과정B(꽃다발 포장)
혜인즈블라썸플로리스트화훼학원,서울 강남구,핸드타이드 마스터 향상과정B
혜인즈블라썸플로리스트화훼학원,서울 강남구,프렌치 스타일링 향상과정A
혜인즈블라썸플로리스트화훼학원,서울 강남구,"플로리스트기초 상품제작 양성과정B(꽃다발,꽃바구니,꽃꽂이상품,센터피스)"
혜인즈블라썸플로리스트화훼학원,서울 강남구,국가기술자격증 화훼장식기능사 실기 양성과정A
혜인즈블라썸플로리스트화훼학원,서울 강남구,"가공화 상품 실무 향상과정(프리저브드,압화,건조화,인조화)"
혜인즈블라썸플로리스트화훼학원,서울 강남구,프렌치 스타일링 향상과정B
혜인즈블라썸플로리스트화훼학원,서울 강남구,플로리스트 & 화훼장식기능사 국가기술자격증 실기 양성과정A
혜인즈블라썸플로리스트화훼학원,서울 강남구,국가기술자격증 화훼장식기능사 향상과정A
혜인즈블라썸플로리스트화훼학원,서울 강남구,프렌치 & 가든플라워 양성과정B
혜인즈블라썸플로리스트화훼학원,서울 강남구,"플라워샵 상품제작 양성과정A(꽃다발,꽃바구니,플렌테리어)"
